"","protein","avg_percent","avg_percent_all","FC","cate","log2FC","spec","new_column","spec1","source","Sum","Mean","F","pvalue","qvalue"
"1","CD151",0.382067914504225,0.0979592255903486,3.90027495829723,"AF4",1.96357583345927,"spec",NA,"spec","method1","1.937254662","0.6457515540","1298.557706",3.015068e-57,5.51126383255814e-56
"2","CD81",0.053702065558606,0.014722977692307,3.64750030061284,"AF4",1.86690809704451,"spec","CD81","marker","method1","3.647279e-02","1.215760e-02","2598.819308",8.948986e-67,7.81544777333333e-65
"3","ITGA4",0.0198786665866656,0.00560254815284453,3.54814738657317,"AF4",1.82706593902506,"spec","ITGA4","marker","method1","4.893926e-03","1.631309e-03","2771.9633281",1.15501e-67,1.76592585e-65
"4","CDH15",0.0390701793205155,0.0112987522615281,3.45791981416817,"AF4",1.78990441465885,"spec",NA,"spec","method1","1.856230e-02","6.187434e-03","1062.823116",1.632375e-54,2.33281227272727e-53
"5","AQP1",0.0365577220801369,0.0117464657630129,3.11223161227349,"AF4",1.63794942968288,"spec",NA,"spec","method1","1.485129e-02","4.950431e-03","2195.698239",1.875903e-64,9.2153734875e-63
"6","DSC3",0.0101484052958888,0.00354798940789518,2.8603257025813,"AF4",1.51617943467671,"spec",NA,"spec","method1","1.082866e-03","3.609553e-04","1721.945892",4.107819e-61,1.3453107225e-59
"7","MADCAM1",0.00940569880053365,0.00337481199424345,2.78702897126635,"AF4",1.47872799938648,"spec",NA,"spec","method1","9.357717e-04","3.119239e-04","669.37945391",2.991047e-48,2.13723903818182e-47
"8","ITGB1",0.0197853953908925,0.00720135339115643,2.74745514019486,"AF4",1.45809592537951,"spec","ITGB1","marker","method1","3.820702e-03","1.273567e-03","2943.5616106",1.714462e-68,3.36891783e-66
"9","SIGLEC5",0.00564380074499426,0.0022925163503727,2.46183663818874,"AF4",1.29973503107727,"spec",NA,"spec","method1","2.753640e-04","9.178799e-05","335.07135",4.621387e-39,2.06386942159091e-38
"10","SIGLEC10",0.0150266626475396,0.00615259544151429,2.44232906102488,"AF4",1.28825759128609,"spec",NA,"spec","method1","1.981120e-03","6.603733e-04","2117.5627090",5.912429e-64,2.44587852315789e-62
"11","NPHS1",0.0278854259344649,0.0115251285004187,2.41953275691909,"AF4",1.27472847131838,"spec",NA,"spec","method1","6.778887e-03","2.259629e-03","2.685842e+03",3.145993e-67,3.53250071142857e-65
"12","CD40",0.00735115161815174,0.00307675204442046,2.38925708410032,"AF4",1.25656209615582,"no",NA,"no","method1","5.234025e-04","1.744675e-04","3617.76472",2.437294e-71,1.915713084e-68
"13","LGR5",0.00632986704577181,0.00266886477197772,2.37174513757067,"AF4",1.24594898942957,"no",NA,"no","method1","3.657382e-04","1.219127e-04","565.77308",5.410263e-46,3.19734339699248e-45
"14","CD9",0.00845652665015161,0.00357544526763956,2.36516741752124,"AF4",1.24194230782643,"spec","CD9","marker","method1","5.891679e-04","1.963893e-04","3.008216e+03",8.597244e-69,2.252477928e-66
"15","MCAM",0.0195260154658447,0.00849167917664853,2.29942924828575,"AF4",1.20127580775585,"spec",NA,"spec","method1","3.072868e-03","1.024289e-03","2530.4040706",2.086542e-66,1.640022012e-64
"16","FN1",0.0210890036065111,0.00945409293355633,2.23067445546869,"AF4",1.15747998209374,"spec",NA,"spec","method1","3.436289e-03","1.145430e-03","460.479219",3.008272e-43,1.58691395436242e-42
"17","C5b-9",0.0167831763406481,0.00797665493428523,2.10403690255056,"AF4",1.07316000817575,"spec",NA,"spec","method1","0.0019157673","6.385891e-04","29.30099",4.826597e-12,1.49358474094488e-11
"18","ADAM10",0.0024398841126191,0.00116730305335488,2.09018909494562,"AF4",1.06363346575105,"spec","ADAM10","marker","method1","4.051296e-05","1.350432e-05","1216.074073",2.376175e-56,3.8909865625e-55
"19","AIF1",0.0103724850106991,0.00526936591662096,1.96845031732975,"AF4",0.977060300078097,"spec",NA,"spec","method1","6.281745e-04","2.093915e-04","268.755894",3.333262e-36,1.38621372063492e-35
"20","FAS",0.00490969230880417,0.00255740927515301,1.91979139064881,"AF4",0.940949552598845,"no",NA,"no","method1","2.048682e-04","6.828939e-05","1810.6075146",8.400666e-62,2.87083629391304e-60
"21","LAMP1",0.00319639758382518,0.00178352173853278,1.79218313674982,"AF4",0.841718068746495,"no",NA,"no","method1","5.915318e-05","1.971773e-05","806.6013052",9.09029e-51,8.05756595730337e-50
"22","CD44",0.00118083021359202,0.000662146779208388,1.78333603767389,"AF4",0.834578578569688,"no",NA,"no","method1","8.454757e-06","2.818252e-06","933.0529070",9.638602e-53,1.02377583405405e-51
"23","JAM3",0.00245157827287311,0.00153274125721727,1.59947301041795,"AF4",0.677596648555687,"no",NA,"no","method1","4.514060e-05","1.504687e-05","429.1492370",2.582511e-42,1.27663751320755e-41
"24","ENG",0.0032451253563242,0.00211394804300355,1.53510175761626,"AF4",0.61833429099779,"no",NA,"no","method1","1.058406e-04","3.528021e-05","1960.4287038",6.792338e-63,2.54227508e-61
"25","CD24",0.00330743768506553,0.00215894878762264,1.53196671640718,"AF4",0.615384953531852,"no",NA,"no","method1","6.675420e-05","2.225140e-05","918.5630628",1.572367e-52,1.56440564810127e-51
"26","NCAM1",0.00442723144993676,0.00316628835669767,1.39824013203719,"AF4",0.483612148659806,"no",NA,"no","method1","2.173023e-04","7.243409e-05","1436.6208234",1.250372e-58,2.89056585882353e-57
"27","LAMP2",0.00200254157440639,0.00164276797303618,1.21900451389083,"AF4",0.285703468169656,"no",NA,"no","method1","3.692884e-05","1.230961e-05","430.4985405",2.346981e-42,1.16754877594937e-41
"28","MICA",0.00136433925023499,0.00114132777982749,1.19539651478667,"AF4",0.25748924166291,"no",NA,"no","method1","6.622085e-06","2.207362e-06","89.71515066",6.89882e-23,2.27834979831933e-22
"29","LGALS9",0.000991697722949466,0.000868494433083959,1.14185846814011,"AF4",0.191383841623489,"no",NA,"no","method1","1.605793e-05","5.352644e-06","55.1052535",1.012529e-17,3.22205584615385e-17
"30","PDPN",0.00124550742619092,0.00109165083475399,1.14093937964295,"AF4",0.190222140433053,"no",NA,"no","method1","2.753479e-05","9.178264e-06","236.0647941",1.521879e-34,6.13434304615385e-34
"31","PTPRJ",0.000960216119581074,0.000876506660292919,1.0955035062257,"AF4",0.131594101768883,"no",NA,"no","method1","5.723906e-06","1.907969e-06","94.89208285",1.613418e-23,5.3963682893617e-23
"32","DSCAM",0.00162199183299785,0.00154694304060335,1.04851425710234,"AF4",0.0683464785170023,"no",NA,"no","method1","7.111403e-05","2.370468e-05","7.3427672",0.0002639252,0.000768315582222222
"33","ITGA6",0.0027155356898535,0.00260719404127641,1.04155488500735,"AF4",0.058738864574548,"no",NA,"no","method1","1.692386e-04","5.641286e-05","2278.1966302",5.828186e-65,3.053969464e-63
"34","TENM4",0.00138436545900715,0.00134278909252992,1.03096269303089,"AF4",0.0439921275138343,"no",NA,"no","method1","3.449878e-05","1.149959e-05","93.4043695",2.433185e-23,8.06955025316456e-23
"35","ITGAV",0.00836159239343963,0.00835707027722667,1.00054111262236,"AF4",0.000780449360380799,"no",NA,"no","method1","1.095015e-03","3.650051e-04","704.0689108",6.239342e-49,4.67059315428571e-48
"36","CD5",0.0179961623978732,0.00539174722453314,3.33772368184998,"Exo-CMDS",1.73886452410573,"spec",NA,"spec","method1","3.822543e-03","1.274181e-03","434.0020879",1.833342e-42,9.17838733757962e-42
"37","IL3RA",0.00692895083484613,0.00215425405066463,3.21640376292128,"Exo-CMDS",1.68544852287286,"spec",NA,"spec","method1","5.478906e-04","1.826302e-04","3.074467e+03",4.30283e-69,1.69101219e-66
"38","Ly6C",0.0145353610910691,0.00475018482820407,3.05995695257284,"Exo-CMDS",1.61351135724913,"spec",NA,"spec","method1","2.304347e-03","7.681155e-04","1690.0782109",7.412465e-61,2.24084518846154e-59
"39","SLC5A12",0.00359264910247244,0.00118154852647345,3.0406276356633,"Exo-CMDS",1.60436915044478,"spec",NA,"spec","method1","1.401516e-04","4.671720e-05","1.053610e+03",2.144782e-54,3.01035473571429e-53
"40","AQP2",0.00831453255962676,0.00273967100753446,3.03486533118783,"Exo-CMDS",1.60163249989511,"spec",NA,"spec","method1","7.468985e-04","2.489662e-04","2389.0317725",1.29248e-65,8.465744e-64
"41","KLRD1",0.00733268102461733,0.00245821151292424,2.98293331800993,"Exo-CMDS",1.57673172730382,"spec",NA,"spec","method1","5.710894e-04","1.903631e-04","1.051961e+03",2.252738e-54,3.10640713684211e-53
"42","IL2RB",0.00550574996886428,0.00186028724998371,2.95962355755139,"Exo-CMDS",1.5654136872762,"spec",NA,"spec","method1","3.204852e-04","1.068284e-04","807.6251338",8.737951e-51,7.89428676551724e-50
"43","MUC16",0.0097150591176001,0.00332415491003105,2.92256509715709,"Exo-CMDS",1.54723515967558,"spec",NA,"spec","method1","9.839920e-04","3.279973e-04","939.757832",7.704675e-53,8.410936875e-52
"44","FCGR1A",0.00851088681911897,0.00291303422009487,2.9216569995672,"Exo-CMDS",1.54678681672132,"spec",NA,"spec","method1","7.560486e-04","2.520162e-04","2758.5045222",1.348035e-67,1.76592585e-65
"45","CCR6",0.00542088817470303,0.00193168113551849,2.80630590371634,"Exo-CMDS",1.48867227970625,"spec",NA,"spec","method1","2.928557e-04","9.761855e-05","1331.8359750",1.359353e-57,2.73961912307692e-56
"46","CLEC1B",0.00302730972025069,0.00110335140599612,2.74374030231792,"Exo-CMDS",1.45614393548715,"spec",NA,"spec","method1","8.964707e-05","2.988236e-05","1914.3373999",1.442133e-62,5.1523479e-61
"47","CCR2",0.00156742099971424,0.000574801732529087,2.7268898317646,"Exo-CMDS",1.44725641555297,"spec",NA,"spec","method1","2.375874e-05","7.919580e-06","1589.5153524",5.145024e-60,1.39447891862069e-58
"48","IL6",0.00273760517546137,0.00100498066092279,2.72403766749866,"Exo-CMDS",1.4457466528132,"spec",NA,"spec","method1","7.234342e-05","2.411447e-05","2462.359982",4.954443e-66,3.54017472545455e-64
"49","CLEC4C",0.00947403348998152,0.00349209216022348,2.71299640882766,"Exo-CMDS",1.43988713793679,"spec",NA,"spec","method1","8.648801e-04","2.882934e-04","1098.4571431",5.801233e-55,8.76878680384615e-54
"50","NLGN1",0.00284150715051196,0.0010628200253767,2.67355439553827,"Exo-CMDS",1.41875902978496,"spec",NA,"spec","method1","7.657749e-05","2.552583e-05","2608.3546984",7.967017e-67,7.81544777333333e-65
"51","IL7RA",0.00824780657942307,0.0031009680378428,2.65975220601134,"Exo-CMDS",1.41129184429384,"spec",NA,"spec","method1","6.408521e-04","2.136174e-04","2326.7832707",2.985351e-65,1.67606134714286e-63
"52","SIGLEC1",0.0028724611987548,0.00108348021776319,2.65114318809152,"Exo-CMDS",1.40661459218588,"spec",NA,"spec","method1","7.704360e-05","2.568120e-05","523.4845111",5.908781e-45,3.36543613478261e-44
"53","RETN",0.00174312971669107,0.00065771396084261,2.65028541352218,"Exo-CMDS",1.40614773420431,"spec",NA,"spec","method1","2.844429e-05","9.481430e-06","1151.6475896",1.314534e-55,2.066447448e-54
"54","CDH5",0.00279062658444292,0.00105589792236401,2.64289428488987,"Exo-CMDS",1.40211871869293,"spec",NA,"spec","method1","7.252707e-05","2.417569e-05","1678.0287881",9.292585e-61,2.70517474444444e-59
"55","CLEC2A",0.00278225935034489,0.00106089452488847,2.62255981633743,"Exo-CMDS",1.39097567871264,"spec",NA,"spec","method1","7.136095e-05","2.378698e-05","1324.4738906",1.618568e-57,3.11910680487805e-56
"56","CDH6",0.00417951034797299,0.00160028725372485,2.61172507513555,"Exo-CMDS",1.38500303868613,"spec",NA,"spec","method1","1.600110e-04","5.333701e-05","2360.7817871",1.884708e-65,1.13952345230769e-63
"57","SLC5A2",0.00705886292801446,0.00270390885472862,2.61061422823845,"Exo-CMDS",1.38438928563766,"spec",NA,"spec","method1","4.591299e-04","1.530433e-04","8.038303e+02",1.011928e-50,8.83750453333333e-50
"58","SLC12A3",0.00497430583625732,0.00191726933100384,2.5944742117441,"Exo-CMDS",1.37544219601395,"spec",NA,"spec","method1","2.245966e-04","7.486554e-05","2.043542e+03",1.824561e-63,7.17052473e-62
"59","CXCR4",0.00210481366927647,0.000811690742835477,2.59312267369679,"Exo-CMDS",1.37469045784863,"spec",NA,"spec","method1","4.051662e-05","1.350554e-05","869.796382",8.644424e-52,8.38829291851852e-51
"60","IL1RAPL1",0.00120905104279971,0.000470786413376523,2.5681519441657,"Exo-CMDS",1.36073056173182,"spec",NA,"spec","method1","1.313917e-05","4.379725e-06","631.1342999",1.849535e-47,1.24250812820513e-46
"61","EFNB2",0.003669288936029,0.00143424193139877,2.55834727440332,"Exo-CMDS",1.35521211138683,"spec",NA,"spec","method1","1.202170e-04","4.007233e-05","1714.0819629",4.747145e-61,1.492502388e-59
"62","AXL",0.00245532361719315,0.000961394646247803,2.55391854612043,"Exo-CMDS",1.35271251290984,"spec",NA,"spec","method1","5.402096e-05","1.800699e-05","631.8699921",1.78406e-47,1.20885444827586e-46
"63","MUC1",0.00606598662869319,0.00238552563852148,2.54283019672462,"Exo-CMDS",1.34643512599873,"spec",NA,"spec","method1","3.260808e-04","1.086936e-04","961.6083752",3.75352e-53,4.27574886956522e-52
"64","TIM3",0.00351139203392741,0.00139311678448956,2.5205295586285,"Exo-CMDS",1.33372687314779,"spec",NA,"spec","method1","1.078289e-04","3.594298e-05","611.816082",4.836531e-47,3.14174658347107e-46
"65","PCDH8",0.00234851326744979,0.000932689351129773,2.51800158820836,"Exo-CMDS",1.332279193025,"spec",NA,"spec","method1","4.854555e-05","1.618185e-05","1259.137077",7.953966e-57,1.35909071217391e-55
"66","NGFR",0.00278434806576802,0.00111080453573964,2.50660487618017,"Exo-CMDS",1.32573459764697,"spec",NA,"spec","method1","6.783235e-05","2.261078e-05","1373.587709",5.141781e-58,1.0635368068421e-56
"67","PDCD1",0.00549471528752672,0.0022014565973035,2.49594531832107,"Exo-CMDS",1.31958632768928,"spec",NA,"spec","method1","2.626108e-04","8.753694e-05","776.3386126",2.991314e-50,2.5281428e-49
"68","NT5E",0.00737782359414814,0.00296420664924915,2.48897073219136,"Exo-CMDS",1.31554926576666,"spec","NT5E","marker","method1","4.750101e-04","1.583367e-04","441.55072753",1.083694e-42,5.53106158441558e-42
"69","NFASC",0.00315844907669394,0.00127227650866098,2.48251779797309,"Exo-CMDS",1.31180406093813,"spec",NA,"spec","method1","8.615255e-05","2.871752e-05","700.9812000",7.15143e-49,5.25329343925234e-48
"70","ICAM2",0.00235474236931749,0.000955365456792251,2.46475561009272,"Exo-CMDS",1.30144460498593,"spec",NA,"spec","method1","4.749252e-05","1.583084e-05","486.2414143",5.687353e-44,3.14807004084507e-43
"71","ULBP2",0.00310284723034679,0.00125974572706596,2.46307422496565,"Exo-CMDS",1.30046010423815,"spec",NA,"spec","method1","8.189372e-05","2.729791e-05","698.8793080",7.850075e-49,5.71311013888889e-48
"72","ANPEP",0.00221620194636211,0.000900943483381022,2.45986789098606,"Exo-CMDS",1.29858083664698,"spec",NA,"spec","method1","4.191570e-05","1.397190e-05","1.046466e+03",2.654759e-54,3.53667893898305e-53
"73","ITGAM",0.00908827294408757,0.00370015374775645,2.45618792181221,"Exo-CMDS",1.29642094486725,"spec","ITGAM","marker","method1","7.042418e-04","2.347473e-04","949.89309120",5.50827e-53,6.09788763380282e-52
"74","PCDH19",0.00230555633003736,0.000942520920082701,2.44615931690414,"Exo-CMDS",1.29051836879682,"spec",NA,"spec","method1","4.488906e-05","1.496302e-05","5.178975e+02",8.216004e-45,4.64588427625899e-44
"75","SELE",0.00379131116564231,0.00155448966853021,2.43894265905739,"Exo-CMDS",1.28625583994386,"spec",NA,"spec","method1","1.207868e-04","4.026226e-05","1490.5184542",3.914347e-59,9.61461481875e-58
"76","Ly6G",0.0129270041326535,0.00531144357593463,2.43380240189765,"Exo-CMDS",1.28321204176796,"spec",NA,"spec","method1","1.414015e-03","4.713383e-04","2159.4610301",3.178377e-64,1.43467357333333e-62
"77","MPO",0.00285549512153022,0.00118369405439145,2.41235909814405,"Exo-CMDS",1.27044467943966,"spec",NA,"spec","method1","6.843943e-05","2.281314e-05","1099.633432",5.609623e-55,8.64541897647059e-54
"78","MUC19",0.00435071840329761,0.00180559377170647,2.40957765333104,"Exo-CMDS",1.26878029548354,"spec",NA,"spec","method1","1.564748e-04","5.215827e-05","1084.3210951",8.710109e-55,1.29172559886792e-53
"79","CADM3",0.0080766674594007,0.00335464129706004,2.40760985875866,"Exo-CMDS",1.26760162945826,"spec",NA,"spec","method1","5.451396e-04","1.817132e-04","1466.5588801",6.525574e-59,1.55427308e-57
"80","CLDN8",0.00226785089359969,0.000942376357591589,2.40652354585336,"Exo-CMDS",1.2669505389561,"spec",NA,"spec","method1","4.286588e-05","1.428863e-05","641.0589931",1.141213e-47,8.00886980357143e-47
"81","HEPACAM",0.00265963750325203,0.00110535500029057,2.40613875411327,"Exo-CMDS",1.26671984039394,"spec",NA,"spec","method1","5.918317e-05","1.972772e-05","714.8655467",3.889663e-49,2.96822826990291e-48
"82","SIGLEC8",0.00124747788026695,0.00051929894487343,2.40223457525221,"Exo-CMDS",1.26437703531889,"spec",NA,"spec","method1","1.282502e-05","4.275008e-06","1.182388e+03",5.745843e-56,9.21680122040816e-55
"83","MICB",0.00216378440600955,0.000904889513281901,2.39121392639619,"Exo-CMDS",1.25774320438869,"spec",NA,"spec","method1","3.843844e-05","1.281281e-05","929.164629",1.098322e-52,1.13589617368421e-51
"84","NES",0.00355709349186939,0.00149688068384366,2.37633735959205,"Exo-CMDS",1.24873966461546,"spec",NA,"spec","method1","1.045912e-04","3.486373e-05","957.0655532",4.353065e-53,4.88787012857143e-52
"85","NCR1",0.00491674831950791,0.00207481567811345,2.36972776491573,"Exo-CMDS",1.24472133137462,"spec",NA,"spec","method1","2.014910e-04","6.716368e-05","771.2329518",3.673364e-50,3.07155755744681e-49
"86","CD22",0.00211891178872159,0.000899257610371242,2.35629008226779,"Exo-CMDS",1.23651715991855,"spec",NA,"spec","method1","3.629391e-05","1.209797e-05","749.5816078",8.909075e-50,7.29430515625e-49
"87","SDC1",0.0111993747462521,0.00476705733505549,2.34932663047605,"Exo-CMDS",1.23224730739383,"spec","SDC1","marker","method1","1.035758e-03","3.452527e-04","599.7786396",8.936215e-47,5.71045934146341e-46
"88","CDH4",0.00859694082584467,0.00369936895051916,2.32389386969315,"Exo-CMDS",1.21654418356016,"spec",NA,"spec","method1","5.958277e-04","1.986092e-04","215.62760702",2.140193e-33,8.49591766666667e-33
"89","ICAM3",0.00203165455416973,0.000875385768461769,2.32086769898002,"Exo-CMDS",1.21466428422243,"spec",NA,"spec","method1","3.227248e-05","1.075749e-05","387.5858462",5.705236e-41,2.66923541428571e-40
"90","PLXNB1",0.0033802215272762,0.00145703020868697,2.31993922097357,"Exo-CMDS",1.21408700934051,"spec",NA,"spec","method1","8.971839e-05","2.990613e-05","748.56704038",9.292372e-50,7.52969524948453e-49
"91","LYN",0.00118341609051853,0.00051063694922274,2.31752929810475,"Exo-CMDS",1.21258757745415,"spec",NA,"spec","method1","1.098822e-05","3.662740e-06","1012.8608661",7.383994e-54,9.21241156190476e-53
"92","CXCL8",0.00246177349846097,0.00106394632850139,2.3138136130687,"Exo-CMDS",1.21027265427615,"spec",NA,"spec","method1","4.829267e-05","1.609756e-05","26.5947071",2.743888e-11,8.45763124705882e-11
"93","KLRK1",0.005571705028244,0.00241443038392524,2.3076685355433,"Exo-CMDS",1.20643601580757,"spec",NA,"spec","method1","2.480050e-04","8.266833e-05","4.564603e+02",3.932264e-43,2.060506336e-42
"94","CEACAM5",0.00512722719814911,0.00223267263486421,2.29645274371401,"Exo-CMDS",1.19940709616025,"spec",NA,"spec","method1","2.025600e-04","6.752001e-05","1324.254947",1.627015e-57,3.11910680487805e-56
"95","CXCL16",0.00111489752581367,0.000486262817533602,2.2927879443232,"Exo-CMDS",1.19710292891766,"spec",NA,"spec","method1","9.630993e-06","3.210331e-06","704.9821834",5.993233e-49,4.52950109423077e-48
"96","LY6G/C",0.00599869485670963,0.00261946998992081,2.2900414510536,"Exo-CMDS",1.19537371215988,"spec",NA,"spec","method1","2.786518e-04","9.288395e-05","1027.489628",4.711403e-54,6.07075861967213e-53
"97","SIGLEC7",0.00274615240313446,0.00120474712630104,2.27944299943344,"Exo-CMDS",1.18868133310578,"spec",NA,"spec","method1","5.754949e-05","1.918316e-05","9.950930e+02",1.285442e-53,1.55439601846154e-52
"98","C9",0.00383375101592721,0.00168632990439562,2.27342882666914,"Exo-CMDS",1.18486983891035,"spec",NA,"spec","method1","1.107325e-04","3.691083e-05","236.4794870",1.445568e-34,5.85678581443299e-34
"99","CD19",0.00759170977464407,0.00334142131556849,2.2720001633055,"Exo-CMDS",1.18396293853979,"spec",NA,"spec","method1","4.483682e-04","1.494561e-04","1232.4051604",1.562106e-56,2.61237301276596e-55
"100","CLSTN1",0.0021102052220191,0.000933766328125568,2.25988575348942,"Exo-CMDS",1.1762498403217,"spec",NA,"spec","method1","3.431085e-05","1.143695e-05","566.13769781",5.303896e-46,3.15822898181818e-45
"101","CSPG4",0.00137360991268511,0.000608070694873847,2.25896417022709,"Exo-CMDS",1.17566138810787,"spec",NA,"spec","method1","1.421544e-05","4.738482e-06","1268.6206277",6.281462e-57,1.09716202933333e-55
"102","CEACAM7",0.00345826268613017,0.00153921430460602,2.24677140524324,"Exo-CMDS",1.16785334690388,"spec",NA,"spec","method1","8.955926e-05","2.985309e-05","962.323882",3.667158e-53,4.23880321764706e-52
"103","F11R",0.00192154115520934,0.000855546674696691,2.24598050818276,"Exo-CMDS",1.1673454073155,"spec",NA,"spec","method1","2.763874e-05","9.212914e-06","662.9380121",4.036199e-48,2.85806523783784e-47
"104","ADGRG1",0.00242536836172875,0.00108130660557821,2.24299782246482,"Exo-CMDS",1.16542821983536,"spec",NA,"spec","method1","4.406817e-05","1.468939e-05","613.268603",4.494743e-47,2.944056665e-46
"105","EPCAM",0.00886924890383309,0.00395952362081706,2.23997878361006,"Exo-CMDS",1.16348506758399,"spec",NA,"spec","method1","5.812634e-04","1.937545e-04","2157.202583",3.285512e-64,1.43467357333333e-62
"106","CEACAM4",0.00174838384808993,0.000782376107343381,2.23471017542535,"Exo-CMDS",1.16008773718514,"spec",NA,"spec","method1","2.265438e-05","7.551459e-06","1079.3038512",1.007423e-54,1.46636014444444e-53
"107","SIGLEC6",0.00368568745539013,0.00165129817817602,2.23199389674204,"Exo-CMDS",1.15833308220651,"spec",NA,"spec","method1","1.022552e-04","3.408506e-05","1311.265104",2.21907e-57,4.152831e-56
"108","CXADR",0.00335237505039538,0.00150416297275586,2.22873126856281,"Exo-CMDS",1.15622267272852,"spec",NA,"spec","method1","8.298886e-05","2.766295e-05","736.85723384",1.517158e-49,1.192486188e-48
"109","CEACAM3",0.00409865682675832,0.00183913216793011,2.22858199004329,"Exo-CMDS",1.15612603900888,"spec",NA,"spec","method1","1.255446e-04","4.184821e-05","422.5093665",4.151939e-42,2.03964003375e-41
"110","IL2RA",0.00280981140215031,0.00126246977345318,2.2256464758477,"Exo-CMDS",1.15422445159906,"spec",NA,"spec","method1","5.954130e-05","1.984710e-05","742.5459477",1.194519e-49,9.58052993877551e-49
"111","CPM",0.00366964784728319,0.00165211257770065,2.22118510373577,"Exo-CMDS",1.15132962571426,"spec",NA,"spec","method1","1.005410e-04","3.351368e-05","1376.042156",4.860573e-58,1.03254334540541e-56
"112","THBD",0.00289733464176166,0.00130441651038369,2.22117292958015,"Exo-CMDS",1.15132171838495,"spec",NA,"spec","method1","6.440126e-05","2.146709e-05","1046.576742",2.645991e-54,3.53667893898305e-53
"113","CD68",0.00872404473448027,0.00392937860809958,2.22020975950179,"Exo-CMDS",1.15069598499757,"spec",NA,"spec","method1","5.745293e-04","1.915098e-04","739.698488",1.346082e-49,1.06870752727273e-48
"114","VEGFA",0.00260561021614755,0.00118154088512479,2.20526453967978,"Exo-CMDS",1.14095172933934,"spec",NA,"spec","method1","5.112538e-05","1.704179e-05","637.7009362",1.342656e-47,9.33918244247788e-47
"115","CADM4",0.00472935550410466,0.00214661032142173,2.20317374649179,"Exo-CMDS",1.13958327321307,"spec",NA,"spec","method1","1.632268e-04","5.440894e-05","1616.3313701",3.033793e-60,8.51629035e-59
"116","ANXA1",0.0021119529946751,0.000960007461496671,2.19993393737016,"Exo-CMDS",1.13746020117745,"spec",NA,"spec","method1","3.219605e-05","1.073202e-05","855.3186187",1.459788e-51,1.38240164819277e-50
"117","ITGB8",0.00159284188389944,0.000729912134835612,2.18223784463889,"Exo-CMDS",1.1258083512403,"spec","ITGB8","marker","method1","1.855910e-05","6.186367e-06","1435.2518122",1.288522e-58,2.89365226285714e-57
"118","CD274",0.00446565834158421,0.00204725653827353,2.18128908522141,"Exo-CMDS",1.12518098234803,"spec",NA,"spec","method1","1.437252e-04","4.790838e-05","630.4241194",1.915093e-47,1.27564669322034e-46
"119","TCRγδ",0.00415852956552231,0.00191664898791113,2.1696876119474,"Exo-CMDS",1.11748734076335,"spec",NA,"spec","method1","1.265625e-04","4.218749e-05","406.18722114",1.375789e-41,6.67512440740741e-41
"120","LRP2",0.00489731979320934,0.00225723179449783,2.16961315410625,"Exo-CMDS",1.11743783050168,"spec",NA,"spec","method1","1.821711e-04","6.072369e-05","930.719014",1.042387e-52,1.092421576e-51
"121","ILK",0.00168518469325959,0.000778918542521275,2.1634928445853,"Exo-CMDS",1.11336234927916,"spec",NA,"spec","method1","2.011430e-05","6.704766e-06","722.1217810",2.842275e-49,2.19022367647059e-48
"122","NECTIN3",0.00572943811297308,0.00265932514015037,2.15447070629698,"Exo-CMDS",1.10733348268251,"spec",NA,"spec","method1","2.280814e-04","7.602714e-05","453.32265191",4.854482e-43,2.52690255099338e-42
"123","PCDH17",0.00343960455669645,0.00159779781107829,2.15271577720787,"Exo-CMDS",1.10615785323449,"spec",NA,"spec","method1","8.354380e-05","2.784793e-05","636.21270119",1.443336e-47,9.95142189473684e-47
"124","CLMP",0.00186429980219373,0.000871274150073814,2.13973960094625,"Exo-CMDS",1.09743523621435,"spec",NA,"spec","method1","2.410264e-05","8.034212e-06","569.4212425",4.437912e-46,2.68322987076923e-45
"125","ITGA9",0.00565197154047017,0.00265062428552206,2.13231711915631,"Exo-CMDS",1.09242201230545,"spec","ITGA9","marker","method1","2.202890e-04","7.342968e-05","452.39609055",5.167479e-43,2.67213058815789e-42
"126","SIGLEC14",0.00135127443762195,0.000633758937605592,2.13215839247523,"Exo-CMDS",1.09231461612267,"spec",NA,"spec","method1","1.277986e-05","4.259954e-06","447.6460378",7.132309e-43,3.6640489372549e-42
"127","CEACAM1",0.00211526781625647,0.00099219149810925,2.1319148776092,"Exo-CMDS",1.09214983579751,"spec",NA,"spec","method1","3.095402e-05","1.031801e-05","807.7359545",8.700667e-51,7.89428676551724e-50
"128","CD4",0.00349350268960616,0.00164082694840159,2.12911099065587,"Exo-CMDS",1.09025115951076,"spec",NA,"spec","method1","9.199006e-05","3.066335e-05","4.075620e+02",1.241561e-41,6.06128537888199e-41
"129","SIRPA",0.00965266963443806,0.00453827014035664,2.12694910966219,"Exo-CMDS",1.08878551514329,"spec",NA,"spec","method1","6.555237e-04","2.185079e-04","1417.748491",1.896995e-58,4.14177241666667e-57
"130","CD63",0.00198156624746424,0.000935695488987639,2.11774692812526,"Exo-CMDS",1.08253019681233,"spec","CD63","marker","method1","2.669323e-05","8.897745e-06","486.610224",5.556771e-44,3.09760425957447e-43
"131","ICOS",0.00454394706395467,0.0021521300376658,2.11137198237475,"Exo-CMDS",1.07818077567717,"spec",NA,"spec","method1","1.510496e-04","5.034986e-05","5.677511e+02",4.858502e-46,2.9151012e-45
"132","ITGA2B",0.00128917053114596,0.00061765221619956,2.08721105070792,"Exo-CMDS",1.0615764876157,"spec","ITGA2B","marker","method1","1.132658e-05","3.775527e-06","189.024282",9.611759e-32,3.59754408285714e-31
"133","ABCG2",0.00173419456663466,0.000833909371439764,2.07959596813324,"Exo-CMDS",1.05630326327483,"spec",NA,"spec","method1","2.032570e-05","6.775233e-06","538.234038",2.514721e-45,1.45336081323529e-44
"134","ITGA8",0.00136864754264675,0.000659747103782836,2.07450329800502,"Exo-CMDS",1.05276595077992,"spec","ITGA8","marker","method1","1.243987e-05","4.146622e-06","555.8325077",9.341147e-46,5.47921010597015e-45
"135","TMEM119",0.00422458234111985,0.00203647845874759,2.07445471518413,"Exo-CMDS",1.05273216388955,"spec",NA,"spec","method1","1.241831e-04","4.139438e-05","6.137037e+02",4.397297e-47,2.90443314453781e-46
"136","CLDN17",0.00208127565371853,0.00100338929909984,2.07424541559858,"Exo-CMDS",1.05258659758451,"spec",NA,"spec","method1","2.906161e-05","9.687203e-06","324.5851409",1.200591e-38,5.2425807e-38
"137","PAR2",0.00249218342597541,0.00120182985666099,2.07365744174419,"Exo-CMDS",1.05217758753834,"spec",NA,"spec","method1","4.197594e-05","1.399198e-05","922.9249026",1.35591e-52,1.38408475324675e-51
"138","CCR4",0.00772537808404755,0.00373549072635818,2.06810260015803,"Exo-CMDS",1.04830776063709,"spec",NA,"spec","method1","3.970567e-04","1.323522e-04","918.7594206",1.561895e-52,1.56440564810127e-51
"139","ITGAL",0.0060869512058225,0.00294865384154885,2.06431528857426,"Exo-CMDS",1.04566333438731,"spec","ITGAL","marker","method1","2.527784e-04","8.425948e-05","769.08076035",4.007167e-50,3.31540343368421e-49
"140","DSG4",0.00220297673437142,0.00107138190004883,2.05620118677665,"Exo-CMDS",1.03998143037072,"spec",NA,"spec","method1","3.248464e-05","1.082821e-05","826.846785",4.197255e-51,3.88122638823529e-50
"141","CD3E",0.00542144430300503,0.00264646808991979,2.04855834977,"Exo-CMDS",1.03460898616697,"spec",NA,"spec","method1","1.896712e-04","6.322372e-05","977.8224061",2.224032e-53,2.60908828656716e-52
"142","JAML",0.00190833313355666,0.000934802393229458,2.04142944795418,"Exo-CMDS",1.02957970871151,"spec",NA,"spec","method1","2.345153e-05","7.817176e-06","347.234032",1.580747e-39,7.09981224e-39
"143","PCDH1",0.00276825995127016,0.00135699693179165,2.03998983816066,"Exo-CMDS",1.02856196569102,"spec",NA,"spec","method1","4.954593e-05","1.651531e-05","405.26460944",1.474184e-41,7.10864186503067e-41
"144","DSG3",0.00149437499603152,0.000734046727433663,2.03580363508475,"Exo-CMDS",1.0255984119285,"spec",NA,"spec","method1","1.424196e-05","4.747322e-06","778.9480583",2.694586e-50,2.30211369130435e-49
"145","TENM1",0.00248420877105391,0.00122260077135655,2.03190512328692,"Exo-CMDS",1.02283303923653,"spec",NA,"spec","method1","3.960570e-05","1.320190e-05","66.3162116",1.298654e-19,4.14935790243902e-19
"146","DSCAM",0.00313732961940812,0.00154694304060335,2.02808347628913,"Exo-CMDS",1.02011703515676,"no",NA,"no","method1","7.111403e-05","2.370468e-05","7.3427672",0.0002639252,0.000768315582222222
"147","AMIGO2",0.00185040569303018,0.000914631706236258,2.02311562174536,"Exo-CMDS",1.01657877276422,"spec",NA,"spec","method1","2.184084e-05","7.280279e-06","479.1588962",8.913843e-44,4.8319176537931e-43
"148","TICAM2",0.00319188234613694,0.00157939600706599,2.0209512572255,"Exo-CMDS",1.01503452616739,"spec",NA,"spec","method1","6.536612e-05","2.178871e-05","462.4345996",2.642831e-43,1.40355754459459e-42
"149","CEACAM8",0.00219980015363328,0.00108990068672725,2.01834917660143,"Exo-CMDS",1.01317578384648,"spec",NA,"spec","method1","3.116781e-05","1.038927e-05","978.6420147",2.166453e-53,2.58004857272727e-52
"150","CLDN1",0.00107187049245233,0.000531399045002249,2.01707267360217,"Exo-CMDS",1.01226306409796,"spec",NA,"spec","method1","7.188214e-06","2.396071e-06","192.9448563",5.328494e-32,2.01355590576923e-31
"151","ITGB3",0.00678984055844752,0.00337544369914158,2.01154015994231,"Exo-CMDS",1.00830054132981,"spec","ITGB3","marker","method1","2.827400e-04","9.424665e-05","1579.9614843",6.223589e-60,1.630580318e-58
"152","CLDN6",0.00190271215034546,0.000948340303397319,2.00636010462617,"Exo-CMDS",1.00458056633561,"spec",NA,"spec","method1","2.256279e-05","7.520931e-06","270.0386856",2.89483e-36,1.21675742245989e-35
"153","NTRK3",0.00105220276214836,0.000526349858631123,1.9990558464,"Exo-CMDS",0.999318776334123,"spec",NA,"spec","method1","6.936818e-06","2.312273e-06","482.5258916",7.193621e-44,3.92651812916667e-43
"154","JAM2",0.0016746693652719,0.000838666315390571,1.99682440386556,"Exo-CMDS",0.99770747108397,"spec",NA,"spec","method1","1.745280e-05","5.817602e-06","598.4673797",9.561111e-47,6.06051068225806e-46
"155","GPC1",0.00311254314662157,0.00156406063167144,1.9900399534354,"Exo-CMDS",0.992797395615403,"spec","GPC1","marker","method1","6.420368e-05","2.140123e-05","31.7500752",1.08147e-12,3.3598237944664e-12
"156","TNFRSF9",0.0253498605295161,0.0127625383943143,1.98627104940264,"Exo-CMDS",0.990062508539376,"no",NA,"no","method1","4.442767e-03","1.480922e-03","1291.1111507",3.613316e-57,6.45469630909091e-56
"157","HLA-DRA",0.00129192341375525,0.000650746366058465,1.9852948570122,"Exo-CMDS",0.989353293090262,"spec",NA,"spec","method1","1.055425e-05","3.518082e-06","701.2048267",7.080973e-49,5.25060828113208e-48
"158","Thy1",0.00265568728155009,0.00133980508038418,1.98214450775824,"Exo-CMDS",0.987062145686045,"spec",NA,"spec","method1","4.328700e-05","1.442900e-05","493.248084",3.668638e-44,2.05967819142857e-43
"159","DSC2",0.00354220092034486,0.00179794688037325,1.97013658134856,"Exo-CMDS",0.978295649176029,"spec",NA,"spec","method1","7.547981e-05","2.515994e-05","631.9466791",1.777373e-47,1.20885444827586e-46
"160","ICAM1",0.00436261837105536,0.00221552595155018,1.9691118345975,"Exo-CMDS",0.977545050618557,"spec",NA,"spec","method1","1.180208e-04","3.934027e-05","800.738382",1.141041e-50,9.8555849010989e-50
"161","GPA33",0.00174622759209698,0.000889274636287072,1.96365388243601,"Exo-CMDS",0.973540659745238,"spec",NA,"spec","method1","1.836701e-05","6.122335e-06","6.040409e+02",7.180616e-47,4.6262001442623e-46
"162","CLEC9A",0.005338537313673,0.00272200509121082,1.96125177388933,"Exo-CMDS",0.971774752065356,"spec",NA,"spec","method1","1.778044e-04","5.926814e-05","526.8158091",4.862198e-45,2.78955301313869e-44
"163","ALDH1A1",0.00194031149307544,0.000989335496440051,1.961227005457,"Exo-CMDS",0.971756532313768,"spec",NA,"spec","method1","2.208551e-05","7.361836e-06","806.506334",9.123707e-51,8.05756595730337e-50
"164","CLDN12",0.00171981217956621,0.000882200966198141,1.94945624122105,"Exo-CMDS",0.963071771415767,"spec",NA,"spec","method1","1.785993e-05","5.953311e-06","2.696751e+02",3.012683e-36,1.25955789255319e-35
"165","ERBB2",0.00240393341718436,0.00123334965975105,1.9491094015217,"Exo-CMDS",0.962815069868882,"spec",NA,"spec","method1","3.627812e-05","1.209271e-05","436.3235847",1.558191e-42,7.85088542307692e-42
"166","PROM1",0.00134651451490135,0.000691513628869882,1.94719880951864,"Exo-CMDS",0.961400191127468,"spec",NA,"spec","method1","1.070075e-05","3.566916e-06","360.7955765",4.979017e-40,2.26214298381503e-39
"167","ITGAX",0.00174390381971708,0.00089581466789122,1.94672389526987,"Exo-CMDS",0.96104828047752,"spec","ITGAX","marker","method1","1.834336e-05","6.114454e-06","400.1387237",2.169782e-41,1.03990771463415e-40
"168","CD27",0.00108550694962704,0.000560734764139876,1.93586525938359,"Exo-CMDS",0.952978541257177,"spec",NA,"spec","method1","7.092758e-06","2.364253e-06","188.567056",1.030365e-31,3.83823170616114e-31
"169","ITGA6",0.00503995924612809,0.00260719404127641,1.93309710222438,"Exo-CMDS",0.950914107998749,"no",NA,"no","method1","1.692386e-04","5.641286e-05","2278.1966302",5.828186e-65,3.053969464e-63
"170","ACE2",0.00765610610176859,0.00396852027610164,1.9292092692265,"Exo-CMDS",0.948009646912101,"spec",NA,"spec","method1","3.299096e-04","1.099699e-04","593.6630123",1.226295e-46,7.58951078740157e-46
"171","BOC",0.00193856705793178,0.0010050734896085,1.92878140551385,"Exo-CMDS",0.947689647766956,"spec",NA,"spec","method1","2.168893e-05","7.229643e-06","468.1664280",1.813385e-43,9.69605857142857e-43
"172","CR2",0.00805583132206555,0.0041865900394221,1.92419875034565,"Exo-CMDS",0.944257822667755,"spec",NA,"spec","method1","3.718435e-04","1.239478e-04","673.623289",2.458882e-48,1.77310206605505e-47
"173","SLC12A1",0.0053828914067533,0.00280500106194853,1.91903364307963,"Exo-CMDS",0.940380004018275,"spec",NA,"spec","method1","1.722882e-04","5.742940e-05","728.893488",2.126726e-49,1.65505607524752e-48
"174","ITGB4",0.00466334891699175,0.00243302135559535,1.91669049935267,"Exo-CMDS",0.938617394336277,"spec","ITGB4","marker","method1","1.255710e-04","4.185700e-05","352.1982264",1.030624e-39,4.65557737931034e-39
"175","ITGB7",0.00476506939500536,0.00249274537010461,1.91157486526808,"Exo-CMDS",0.934761703251794,"no",NA,"no","method1","1.530968e-04","5.103228e-05","7.5059366",0.0002217164,0.000647840484758364
"176","ITGB2",0.00750969350181726,0.00396343697154782,1.89474275880425,"Exo-CMDS",0.92200199309873,"spec","ITGB2","marker","method1","3.593365e-04","1.197788e-04","1526.7470415",1.834985e-59,4.65257487096774e-58
"177","ITGA3",0.000843755108467342,0.000445856044536,1.89243841999593,"Exo-CMDS",0.920246355634032,"spec","ITGA3","marker","method1","4.072748e-06","1.357583e-06","5.876907e+02",1.675481e-46,1.02087446976744e-45
"178","PLAUR",0.00224449502502639,0.00119331400191803,1.88089222234784,"Exo-CMDS",0.911417182864775,"no",NA,"no","method1","3.032819e-05","1.010940e-05","202.861909",1.25568e-32,4.81570697560976e-32
"179","CDH1",0.00603089865565563,0.00321019927052765,1.87866800389134,"Exo-CMDS",0.90971013782848,"spec",NA,"spec","method1","2.039854e-04","6.799514e-05","161.3929550",8.634198e-30,3.07080526153846e-29
"180","CD80",0.00318098133346182,0.00169685037428157,1.87463867272836,"Exo-CMDS",0.906612550116645,"spec",NA,"spec","method1","5.732204e-05","1.910735e-05","387.8440349",5.591251e-41,2.63157082994012e-40
"181","PDPN",0.00203294465093259,0.00109165083475399,1.86226638244702,"Exo-CMDS",0.897059453749466,"no",NA,"no","method1","2.753479e-05","9.178264e-06","236.0647941",1.521879e-34,6.13434304615385e-34
"182","AMIGO1",0.00122522144101876,0.00065836022497442,1.86101984072072,"Exo-CMDS",0.896093436351826,"no",NA,"no","method1","9.183991e-06","3.061330e-06","13.8240334",4.726704e-07,1.42891897846154e-06
"183","CD33",0.00204486959595589,0.00111372013478636,1.8360713181756,"Exo-CMDS",0.876622098174354,"spec",NA,"spec","method1","2.289616e-05","7.632052e-06","224.1872319",6.886846e-34,2.76176579387755e-33
"184","CDH3",0.00394478610308993,0.00215250123636112,1.8326521892079,"Exo-CMDS",0.87393300927242,"spec",NA,"spec","method1","8.116252e-05","2.705417e-05","300.31373372",1.228467e-37,5.21932465945946e-37
"185","CDH12",0.00170929760315772,0.000932731610890924,1.83257175290225,"Exo-CMDS",0.873869687051932,"spec",NA,"spec","method1","1.550196e-05","5.167320e-06","371.0684370",2.132037e-40,9.79988936842105e-40
"186","CLEC5A",0.00153550851746534,0.000840187135039534,1.82757918257471,"Exo-CMDS",0.869933914431117,"spec",NA,"spec","method1","1.297770e-05","4.325901e-06","165.0905311",4.553612e-30,1.62688137818182e-29
"187","ITGB6",0.00331094872624538,0.00181685221655483,1.82235445242965,"Exo-CMDS",0.865803594171913,"spec","ITGB6","marker","method1","5.943166e-05","1.981055e-05","1.720391e+02",1.414973e-30,5.12520174193548e-30
"188","TENM4",0.00244677070426351,0.00134278909252992,1.82215562955877,"Exo-CMDS",0.865646184389162,"no",NA,"no","method1","3.449878e-05","1.149959e-05","93.4043695",2.433185e-23,8.06955025316456e-23
"189","LGALS9",0.00158083507985583,0.000868494433083959,1.82020174181474,"Exo-CMDS",0.864098360196346,"no",NA,"no","method1","1.605793e-05","5.352644e-06","55.1052535",1.012529e-17,3.22205584615385e-17
"190","PCDHGC3",0.00156715867962047,0.000861353982112887,1.81941305452174,"Exo-CMDS",0.86347310981799,"spec",NA,"spec","method1","1.301295e-05","4.337649e-06","207.7073879",6.341376e-33,2.47976195820895e-32
"191","NECTIN4",0.00223529097012937,0.00122918062794756,1.8185211508432,"Exo-CMDS",0.862765705578598,"spec",NA,"spec","method1","2.528103e-05","8.427011e-06","204.9318855",9.361722e-33,3.62478497142857e-32
"192","CD38",0.00388508002129336,0.00213860579633522,1.81664149042846,"Exo-CMDS",0.861273735469861,"no",NA,"no","method1","9.804537e-05","3.268179e-05","313.7419155",3.323171e-38,1.43517165164835e-37
"193","CLDN3",0.00193438614698762,0.00107262713910391,1.8034096625633,"Exo-CMDS",0.850727156623604,"spec",NA,"spec","method1","1.964014e-05","6.546712e-06","303.7152",8.776554e-38,3.74911491521739e-37
"194","ITGB5",0.00247558291120639,0.00137321248421795,1.80276755393484,"Exo-CMDS",0.850213389890484,"spec","ITGB5","marker","method1","2.996991e-05","9.989970e-06","382.379590",8.59407e-41,3.97802090117647e-40
"195","CD28",0.0037002848381953,0.00205889056132399,1.79722269250475,"Exo-CMDS",0.845769183175513,"no",NA,"no","method1","7.858776e-05","2.619592e-05","330.1296930",7.221452e-39,3.2068142779661e-38
"196","TPBG",0.0010092724632614,0.000566793459251504,1.78067062487669,"Exo-CMDS",0.832420682187635,"spec",NA,"spec","method1","5.183511e-06","1.727837e-06","2.069188e+02",7.08011e-33,2.75493389108911e-32
"197","XCR1",0.00618148610718308,0.00347202495043739,1.78036914924945,"Exo-CMDS",0.832176406683291,"spec",NA,"spec","method1","1.833233e-04","6.110777e-05","589.89950113",1.492299e-46,9.163648546875e-46
"198","CD20",0.0010761877131206,0.000604569123949675,1.78009043215741,"Exo-CMDS",0.831950534849543,"spec",NA,"spec","method1","5.896634e-06","1.965545e-06","329.9898847",7.313891e-39,3.22961703707865e-38
"199","CDH17",0.00148121450030057,0.0008355468156754,1.77274866292592,"Exo-CMDS",0.825988008061905,"spec",NA,"spec","method1","1.113188e-05","3.710625e-06","538.24524337",2.513111e-45,1.45336081323529e-44
"200","CD86",0.00304647919400375,0.00172204359044701,1.76910689770225,"Exo-CMDS",0.823021225035414,"no",NA,"no","method1","5.219738e-05","1.739913e-05","295.8065621",1.928725e-37,8.1504185483871e-37
"201","TMEM204",0.00120353194141298,0.000680772265464909,1.76789214612184,"Exo-CMDS",0.822030262850711,"spec",NA,"spec","method1","7.074466e-06","2.358155e-06","185.495841",1.650002e-31,6.11746024528302e-31
"202","CR1",0.00698602510231522,0.00396116159517113,1.76363042366956,"Exo-CMDS",0.818548269625047,"no",NA,"no","method1","4.577536e-04","1.525845e-04","1029.829334",4.387249e-54,5.74729619e-53
"203","ITGAV",0.0146212107268114,0.00835707027722667,1.74956177724803,"Exo-CMDS",0.806993607221849,"no",NA,"no","method1","1.095015e-03","3.650051e-04","704.0689108",6.239342e-49,4.67059315428571e-48
"204","CEACAM6",0.0026604573569466,0.00152251475265633,1.74740990345408,"Exo-CMDS",0.805218072086616,"spec",NA,"spec","method1","3.690929e-05","1.230310e-05","326.5420487",1.002478e-38,4.4019425027933e-38
"205","ITGA5",0.00436574647002771,0.00252507348429189,1.72895818564742,"Exo-CMDS",0.789902978240707,"spec","ITGA5","marker","method1","8.756138e-05","2.918713e-05","436.8073270",1.506433e-42,7.6390731483871e-42
"206","KIT",0.00319791908396336,0.00185203654336829,1.7267040952374,"Exo-CMDS",0.788020869832458,"spec",NA,"spec","method1","4.824040e-05","1.608013e-05","477.0104426",1.022846e-43,5.50655449315069e-43
"207","CTLA4",0.000745859006465832,0.000433910297490157,1.71892442004733,"Exo-CMDS",0.781506111878188,"spec",NA,"spec","method1","2.569881e-06","8.566269e-07","196.717248",3.051185e-32,1.15856589855072e-31
"208","LAG3",0.00291952783406726,0.00171177182555417,1.70555899476969,"Exo-CMDS",0.770244658199438,"spec",NA,"spec","method1","3.945305e-05","1.315102e-05","594.112097",1.197998e-46,7.47322561904762e-46
"209","PCDHA1",0.00313006395515969,0.00183631921049652,1.70453150915595,"Exo-CMDS",0.769375268696321,"spec",NA,"spec","method1","4.117586e-05","1.372529e-05","888.781313",4.404311e-52,4.3272355575e-51
"210","PCDH15",0.000778480677798662,0.000457496598821261,1.70160976016962,"Exo-CMDS",0.766900213509907,"no",NA,"no","method1","2.831151e-06","9.437170e-07","170.823053",1.73084e-30,6.24055155963303e-30
"211","CDCP1",0.00127863762714396,0.000755254844924774,1.69298831478706,"Exo-CMDS",0.759572015609849,"no",NA,"no","method1","7.605640e-06","2.535213e-06","8.661557e+01",1.701232e-22,5.59484666108787e-22
"212","BCAM",0.00228951677900064,0.00135376635827826,1.69122002847853,"Exo-CMDS",0.758064367225595,"spec",NA,"spec","method1","2.251398e-05","7.504660e-06","248.9044970",3.212001e-35,1.32875409789474e-34
"213","CDHR5",0.00159926507830787,0.000949455420511333,1.68440249405978,"Exo-CMDS",0.752236916789806,"spec",NA,"spec","method1","1.055763e-05","3.519211e-06","166.99636373",3.290611e-30,1.1810138109589e-29
"214","CD14",0.00459552410578756,0.00274166281082593,1.67618136250794,"Exo-CMDS",0.745178256814723,"no",NA,"no","method1","2.051442e-04","6.838141e-05","362.8747326",4.18601e-40,1.91290922093023e-39
"215","NCAM1",0.00529355052599345,0.00316628835669767,1.67184726394106,"Exo-CMDS",0.741443052191591,"no",NA,"no","method1","2.173023e-04","7.243409e-05","1436.6208234",1.250372e-58,2.89056585882353e-57
"216","MRC1",0.00418358238062863,0.00253971266948511,1.64726601985129,"Exo-CMDS",0.720073557207237,"no",NA,"no","method1","9.023795e-05","3.007932e-05","18.0214741",1.374062e-08,4.218799734375e-08
"217","CLDN11",0.00225233934311045,0.00136863959762194,1.64567746470581,"Exo-CMDS",0.718681610567949,"no",NA,"no","method1","2.924658e-05","9.748858e-06","314.3503573",3.135928e-38,1.3617897281768e-37
"218","TIMP2",0.0022502567139178,0.00137879642618536,1.63204420259737,"Exo-CMDS",0.706680132067021,"no",NA,"no","method1","2.726986e-05","9.089953e-06","217.9833107",1.560202e-33,6.2249683857868e-33
"219","ICAM4",0.000613631349296104,0.000377249681797554,1.62659209246305,"Exo-CMDS",0.701852505489151,"spec",NA,"spec","method1","1.481384e-06","4.937948e-07","75.7107361",5.068447e-21,1.64619807520661e-20
"220","HAVCR1",0.00985276025311995,0.00606700461473442,1.62399089481346,"Exo-CMDS",0.699543543825866,"no",NA,"no","method1","5.026366e-04","1.675455e-04","313.346296",3.451073e-38,1.48226414098361e-37
"221","ENG",0.00340494576566217,0.00211394804300355,1.61070456624106,"Exo-CMDS",0.687691900683191,"no",NA,"no","method1","1.058406e-04","3.528021e-05","1960.4287038",6.792338e-63,2.54227508e-61
"222","ITGA11",0.000770213739365709,0.000478652875542215,1.60912798965893,"Exo-CMDS",0.686279082246886,"no",NA,"no","method1","2.718730e-06","9.062435e-07","120.52206530",2.796719e-26,9.68379354185022e-26
"223","CD163",0.00209439523701068,0.00130487672632394,1.60505218214058,"Exo-CMDS",0.682620201828358,"no",NA,"no","method1","2.253053e-05","7.510178e-06","141.0415866",3.747535e-28,1.30913889333333e-27
"224","LAMP2",0.00262879262660174,0.00164276797303618,1.60022149795335,"Exo-CMDS",0.678271612538875,"no",NA,"no","method1","3.692884e-05","1.230961e-05","430.4985405",2.346981e-42,1.16754877594937e-41
"225","CSF3R",0.00570378317219936,0.00360023010064626,1.58428295213006,"Exo-CMDS",0.663830023030717,"spec",NA,"spec","method1","1.242156e-04","4.140519e-05","191.8413355",6.284058e-32,2.36328688421053e-31
"226","SLC34A1",0.00272935139870895,0.00172879000783744,1.57876398309539,"Exo-CMDS",0.65879551200367,"no",NA,"no","method1","3.344765e-05","1.114922e-05","157.64960557",1.672254e-29,5.89413293273543e-29
"227","CLDN19",0.00130277547193493,0.000852507306586915,1.52816927417396,"Exo-CMDS",0.611804358481837,"no",NA,"no","method1","6.530801e-06","2.176934e-06","111.18878033",2.45393e-25,8.45960078947368e-25
"228","PTPRC",0.00480025350656243,0.00316175181353983,1.51822590438816,"Exo-CMDS",0.602386472500642,"no",NA,"no","method1","1.489514e-04","4.965046e-05","198.64728575",2.302495e-32,8.78524791262136e-32
"229","PECAM1",0.00202466567966968,0.00134283253895632,1.50775738666811,"Exo-CMDS",0.592404303135823,"no",NA,"no","method1","1.664595e-05","5.548651e-06","33.0331724",5.073879e-13,1.58256702142857e-12
"230","EMCN",0.00726783554605278,0.00486915507295568,1.49262766068386,"Exo-CMDS",0.577854326839673,"no",NA,"no","method1","3.014897e-04","1.004966e-04","392.733271",3.824461e-41,1.81085924457831e-40
"231","ITGA4B7",0.000992675783024675,0.000668695403149133,1.48449619714716,"Exo-CMDS",0.569973397559018,"no",NA,"no","method1","7.647812e-06","2.549271e-06","597.444060",1.007999e-46,6.338297712e-46
"232","EPHA2",0.00251812280382434,0.00172750494417932,1.4576646002137,"Exo-CMDS",0.543658802467991,"spec",NA,"spec","method1","1.557765e-05","5.192551e-06","105.2935235",1.048057e-24,3.58162087826087e-24
"233","PTPRJ",0.00126703634293753,0.000876506660292919,1.44555244168265,"Exo-CMDS",0.531620947786344,"no",NA,"no","method1","5.723906e-06","1.907969e-06","94.89208285",1.613418e-23,5.3963682893617e-23
"234","CLDN10",0.00134454839185221,0.000937417643837162,1.43431095061164,"Exo-CMDS",0.520357826183562,"no",NA,"no","method1","7.621752e-06","2.540584e-06","74.61441673",7.279409e-21,2.34492437459016e-20
"235","CDH11",0.00290747303083861,0.00203010983122832,1.43217523806554,"Exo-CMDS",0.518208028650023,"spec",NA,"spec","method1","1.864405e-05","6.214685e-06","158.9782364",1.32047e-29,4.67517756756757e-29
"236","L1CAM",0.00399849569579012,0.00280716842571103,1.42438752843173,"Exo-CMDS",0.510341709004802,"no",NA,"no","method1","5.478294e-05","1.826098e-05","210.684481",4.197434e-33,1.65788096683417e-32
"237","JAM3",0.0021732423997528,0.00153274125721727,1.41787949500255,"Exo-CMDS",0.503734923727064,"no",NA,"no","method1","4.514060e-05","1.504687e-05","429.1492370",2.582511e-42,1.27663751320755e-41
"238","VCAM1",0.00493723341708855,0.00348865696083318,1.41522467600524,"Exo-CMDS",0.501031108341702,"no",NA,"no","method1","9.814952e-05","3.271651e-05","246.873057",4.087935e-35,1.68226016230366e-34
"239","CXCR2",0.00301038385974264,0.00216009452437432,1.39363524409406,"Exo-CMDS",0.478853014293943,"no",NA,"no","method1","5.400498e-05","1.800166e-05","132.691875",2.021569e-27,7.03076652212389e-27
"240","CAV1",0.00125332313547494,0.000902231510753722,1.38913695712968,"Exo-CMDS",0.474188843834252,"no",NA,"no","method1","4.178277e-06","1.392759e-06","49.97075515",9.24417e-17,2.91803920481928e-16
"241","SIGLEC9",0.00284901257145376,0.00208783213519896,1.36457932772563,"Exo-CMDS",0.448456265912708,"no",NA,"no","method1","3.517856e-05","1.172619e-05","208.874179",5.391076e-33,2.118692868e-32
"242","DSG2",0.000482563032111955,0.00035553271860864,1.35729570544293,"Exo-CMDS",0.440735065856975,"spec",NA,"spec","method1","4.308506e-07","1.436169e-07","41.0395455",6.494802e-15,2.0419657488e-14
"243","CD24",0.0029141925688864,0.00215894878762264,1.34982014654243,"Exo-CMDS",0.432767191737575,"no",NA,"no","method1","6.675420e-05","2.225140e-05","918.5630628",1.572367e-52,1.56440564810127e-51
"244","ULBP1",0.00185769618231829,0.00139131943963486,1.33520464775928,"Exo-CMDS",0.417060881748131,"no",NA,"no","method1","1.136330e-05","3.787768e-06","73.193633",1.17092e-20,3.75650253061224e-20
"245","GSN",0.00253798709095629,0.0019043709906947,1.33271673605491,"Exo-CMDS",0.414370173588388,"no",NA,"no","method1","7.231760e-05","2.410587e-05","382.365211",8.603862e-41,3.97802090117647e-40
"246","HLA-A",0.00148714419789684,0.0011166034189132,1.33184635897344,"Exo-CMDS",0.413427663541519,"no",NA,"no","method1","9.189904e-06","3.063301e-06","149.829101",6.964715e-29,2.44386874553571e-28
"247","CDH2",0.0017621060597407,0.0013311829173769,1.32371444730746,"Exo-CMDS",0.404591936431392,"no",NA,"no","method1","2.351929e-05","7.839762e-06","175.8003207",7.647635e-31,2.78288940277778e-30
"248","ITGA2",0.00425091961703907,0.00323846979134445,1.31263216609295,"Exo-CMDS",0.392462691934732,"no",NA,"no","method1","2.991646e-05","9.972155e-06","96.751748",9.724802e-24,3.29469585e-23
"249","FAS",0.00334972692309407,0.00255740927515301,1.30981261217708,"Exo-CMDS",0.3893604279305,"no",NA,"no","method1","2.048682e-04","6.828939e-05","1810.6075146",8.400666e-62,2.87083629391304e-60
"250","FOLH1",0.00293886563526841,0.00226140605139281,1.29957449855516,"Exo-CMDS",0.378039339170172,"no",NA,"no","method1","2.948130e-05","9.827099e-06","102.530921",2.11832e-24,7.20779012987013e-24
"251","IGF2",0.00172612738169397,0.00132918851585465,1.29863248222852,"Exo-CMDS",0.376993200542666,"no",NA,"no","method1","9.259504e-06","3.086501e-06","74.62978395",7.242358e-21,2.34258987160494e-20
"252","TACSTD2",0.00446370048679758,0.00359736039878636,1.24082660394646,"Exo-CMDS",0.311301523925527,"no",NA,"no","method1","4.366605e-04","1.455535e-04","1006.6883073",8.942513e-54,1.0982523778125e-52
"253","MICA",0.00139554565632403,0.00114132777982749,1.22273870923826,"Exo-CMDS",0.290116142900048,"no",NA,"no","method1","6.622085e-06","2.207362e-06","89.71515066",6.89882e-23,2.27834979831933e-22
"254","MMP9",0.00179400481674482,0.00151128172787505,1.18707503945495,"Exo-CMDS",0.247411136014128,"no",NA,"no","method1","8.412033e-05","2.804011e-05","860.524385",1.207922e-51,1.15783742926829e-50
"255","CLDN4",0.00100263144570714,0.000853444323097184,1.17480592297873,"Exo-CMDS",0.232422444379844,"no",NA,"no","method1","9.036599e-06","3.012200e-06","202.860093",1.256005e-32,4.81570697560976e-32
"256","CD44",0.000753468053406355,0.000662146779208388,1.13791696503779,"Exo-CMDS",0.186395286555875,"no",NA,"no","method1","8.454757e-06","2.818252e-06","933.0529070",9.638602e-53,1.02377583405405e-51
"257","CD40",0.00342233195700826,0.00307675204442046,1.11231971494566,"Exo-CMDS",0.153571522657967,"no",NA,"no","method1","5.234025e-04","1.744675e-04","3617.76472",2.437294e-71,1.915713084e-68
"258","LAMP1",0.00192471657561363,0.00178352173853278,1.07916631125394,"Exo-CMDS",0.109917216940797,"no",NA,"no","method1","5.915318e-05","1.971773e-05","806.6013052",9.09029e-51,8.05756595730337e-50
"259","PLAU",0.000699849018224954,0.00065465895175551,1.06902840990452,"Exo-CMDS",0.0963001938289735,"no",NA,"no","method1","3.536893e-06","1.178964e-06","95.648437",1.311911e-23,4.42558818025751e-23
"260","CDH13",0.0024410672550839,0.00230778261658129,1.05775441653168,"Exo-CMDS",0.081004709513742,"no",NA,"no","method1","4.819786e-05","1.606595e-05","182.465328",2.643994e-31,9.75671025352113e-31
"261","CD26",0.00628102191961803,0.00598684860587816,1.04913658806255,"Exo-CMDS",0.0692025159442968,"no",NA,"no","method1","4.724113e-04","1.574704e-04","396.713842",2.816541e-41,1.34169771272727e-40
"262","DSG1",0.00120968892672102,0.00115932325724508,1.04344402578071,"Exo-CMDS",0.0613532110444551,"no",NA,"no","method1","7.453428e-06","2.484476e-06","95.149394",1.503548e-23,5.05037917948718e-23
"263","ULBP3",0.000871485811498116,0.000841419776683,1.03573250314325,"Exo-CMDS",0.050651448758653,"no",NA,"no","method1","8.396945e-06","2.798982e-06","176.110185",7.273436e-31,2.65903288186046e-30
"264","LGR5",0.00272450096864671,0.00266886477197772,1.02084639029042,"Exo-CMDS",0.0297657960504777,"no",NA,"no","method1","3.657382e-04","1.219127e-04","565.77308",5.410263e-46,3.19734339699248e-45
"265","SELL",0.00538793123106673,0.00231326227908734,2.32914844104597,"SEC",1.219802588169,"spec",NA,"spec","method1","2.513480e-04","8.378267e-05","484.424135",6.378573e-44,3.50598487972028e-43
"266","CUBN",0.0157026111464596,0.00751223245684565,2.09027226415902,"SEC",1.06369086985143,"spec",NA,"spec","method1","1.777130e-03","5.923765e-04","936.849330",8.489081e-53,9.14029817260274e-52
"267","APOE",0.504179269929317,0.245988024654963,2.04960900286307,"SEC",1.03534871781278,"no",NA,"no","method1","3.781313785","1.260437928","842.824497",2.310502e-51,2.16196972857143e-50
"268","CD26",0.00972229902310777,0.00598684860587816,1.62394268890681,"SEC",0.699500718798395,"no",NA,"no","method1","4.724113e-04","1.574704e-04","396.713842",2.816541e-41,1.34169771272727e-40
"269","CDH2",0.00201719965226096,0.0013311829173769,1.51534370365559,"SEC",0.599645056616279,"no",NA,"no","method1","2.351929e-05","7.839762e-06","175.8003207",7.647635e-31,2.78288940277778e-30
"270","CR1",0.00592049547528984,0.00396116159517113,1.49463619017898,"SEC",0.57979436034418,"no",NA,"no","method1","4.577536e-04","1.525845e-04","1029.829334",4.387249e-54,5.74729619e-53
"271","CD8A",0.00796227467836651,0.00545915466113008,1.45851787916158,"SEC",0.544503071542672,"no",NA,"no","method1","3.387216e-04","1.129072e-04","82.956831",5.106763e-22,1.6724648825e-21
"272","PTPRC",0.00433226948670065,0.00316175181353983,1.37021175038098,"SEC",0.454398862250226,"no",NA,"no","method1","1.489514e-04","4.965046e-05","198.64728575",2.302495e-32,8.78524791262136e-32
"273","EMCN",0.00632581866634005,0.00486915507295568,1.29916147084224,"SEC",0.377580752345492,"no",NA,"no","method1","3.014897e-04","1.004966e-04","392.733271",3.824461e-41,1.81085924457831e-40
"274","CDH13",0.00287014386070842,0.00230778261658129,1.2436803363049,"SEC",0.314615716585168,"no",NA,"no","method1","4.819786e-05","1.606595e-05","182.465328",2.643994e-31,9.75671025352113e-31
"275","HLA-A",0.00138468920951311,0.0011166034189132,1.24009042607164,"SEC",0.310445324231989,"no",NA,"no","method1","9.189904e-06","3.063301e-06","149.829101",6.964715e-29,2.44386874553571e-28
"276","CLDN10",0.00115914801007115,0.000937417643837162,1.23653316927808,"SEC",0.306300939696446,"no",NA,"no","method1","7.621752e-06","2.540584e-06","74.61441673",7.279409e-21,2.34492437459016e-20
"277","NECTIN1",0.00101320388597356,0.000820715132408078,1.23453783897063,"SEC",0.3039710562123,"no",NA,"no","method1","6.426226e-06","2.142075e-06","106.910055",6.99239e-25,2.40000809606987e-24
"278","CLDN11",0.00168734688121864,0.00136863959762194,1.23286428666134,"SEC",0.302013997034599,"no",NA,"no","method1","2.924658e-05","9.748858e-06","314.3503573",3.135928e-38,1.3617897281768e-37
"279","SIGLEC9",0.00252515770140532,0.00208783213519896,1.20946395011047,"SEC",0.274367768266213,"no",NA,"no","method1","3.517856e-05","1.172619e-05","208.874179",5.391076e-33,2.118692868e-32
"280","EGFR",0.0125303734232827,0.0104852124807729,1.19505193111347,"SEC",0.257073312040337,"no",NA,"no","method1","0.0009541608","3.180536e-04","78.04541",2.376122e-21,7.7495099253112e-21
"281","HAVCR1",0.00721405356340148,0.00606700461473442,1.18906347060975,"SEC",0.24982572626101,"no",NA,"no","method1","5.026366e-04","1.675455e-04","313.346296",3.451073e-38,1.48226414098361e-37
"282","CD163",0.0015135073027483,0.00130487672632394,1.15988527668212,"SEC",0.213982116605627,"no",NA,"no","method1","2.253053e-05","7.510178e-06","141.0415866",3.747535e-28,1.30913889333333e-27
"283","CXCR2",0.0024865687593847,0.00216009452437432,1.15113886514061,"SEC",0.203061880355836,"no",NA,"no","method1","5.400498e-05","1.800166e-05","132.691875",2.021569e-27,7.03076652212389e-27
"284","DSG1",0.00132648622110797,0.00115932325724508,1.14419012369347,"SEC",0.194326796626618,"no",NA,"no","method1","7.453428e-06","2.484476e-06","95.149394",1.503548e-23,5.05037917948718e-23
"285","PLAU",0.000748423810835696,0.00065465895175551,1.14322703268435,"SEC",0.193111935838311,"no",NA,"no","method1","3.536893e-06","1.178964e-06","95.648437",1.311911e-23,4.42558818025751e-23
"286","CD38",0.00242748478314215,0.00213860579633522,1.13507818378775,"SEC",0.182791673267843,"no",NA,"no","method1","9.804537e-05","3.268179e-05","313.7419155",3.323171e-38,1.43517165164835e-37
"287","MRC1",0.00283494878980797,0.00253971266948511,1.11624784325808,"SEC",0.158657387867101,"no",NA,"no","method1","9.023795e-05","3.007932e-05","18.0214741",1.374062e-08,4.218799734375e-08
"288","CLDN19",0.000950540367039676,0.000852507306586915,1.11499380673374,"SEC",0.15703569667533,"no",NA,"no","method1","6.530801e-06","2.176934e-06","111.18878033",2.45393e-25,8.45960078947368e-25
"289","ITGB7",0.00277193621626865,0.00249274537010461,1.11200134980185,"SEC",0.15315853927658,"no",NA,"no","method1","1.530968e-04","5.103228e-05","7.5059366",0.0002217164,0.000647840484758364
"290","SLC34A1",0.00191625381350317,0.00172879000783744,1.10843642363495,"SEC",0.14852602420888,"no",NA,"no","method1","3.344765e-05","1.114922e-05","157.64960557",1.672254e-29,5.89413293273543e-29
"291","PECAM1",0.00148806677816001,0.00134283253895632,1.10815513847808,"SEC",0.148159868612142,"no",NA,"no","method1","1.664595e-05","5.548651e-06","33.0331724",5.073879e-13,1.58256702142857e-12
"292","ADIPOQ",0.00742084223899481,0.00672104576811029,1.10412017638756,"SEC",0.142897208748773,"no",NA,"no","method1","1.588722e-03","5.295739e-04","1022.322102",5.517853e-54,6.99521364193548e-53
"293","CAV1",0.000995272744238755,0.000902231510753722,1.103123458199,"SEC",0.141594261975696,"no",NA,"no","method1","4.178277e-06","1.392759e-06","49.97075515",9.24417e-17,2.91803920481928e-16
"294","ULBP1",0.00151814338604844,0.00139131943963486,1.09115372271868,"SEC",0.125854364155791,"no",NA,"no","method1","1.136330e-05","3.787768e-06","73.193633",1.17092e-20,3.75650253061224e-20
"295","CD86",0.00187172433330553,0.00172204359044701,1.08692041461022,"SEC",0.120246308671952,"no",NA,"no","method1","5.219738e-05","1.739913e-05","295.8065621",1.928725e-37,8.1504185483871e-37
"296","VCAM1",0.00378585620031463,0.00348865696083318,1.0851901585103,"SEC",0.117947869123164,"no",NA,"no","method1","9.814952e-05","3.271651e-05","246.873057",4.087935e-35,1.68226016230366e-34
"297","SIGLEC11",0.00171132905245219,0.00158916160509114,1.07687540837235,"SEC",0.106851343548688,"no",NA,"no","method1","2.716173e-05","9.053909e-06","180.166737",3.798537e-31,1.39516358971963e-30
"298","CD28",0.00220313542930743,0.00205889056132399,1.0700595119979,"SEC",0.0976910352027671,"no",NA,"no","method1","7.858776e-05","2.619592e-05","330.1296930",7.221452e-39,3.2068142779661e-38
"299","AMIGO1",0.000701670355196746,0.00065836022497442,1.06578485239446,"SEC",0.0919162338657823,"no",NA,"no","method1","9.183991e-06","3.061330e-06","13.8240334",4.726704e-07,1.42891897846154e-06
"300","FOLH1",0.00237519541088206,0.00226140605139281,1.05031796895527,"SEC",0.0708261495966961,"no",NA,"no","method1","2.948130e-05","9.827099e-06","102.530921",2.11832e-24,7.20779012987013e-24
"301","ITGA11",0.000494624266036362,0.000478652875542215,1.0333673760469,"SEC",0.0473532429509856,"no",NA,"no","method1","2.718730e-06","9.062435e-07","120.52206530",2.796719e-26,9.68379354185022e-26
"302","ITGA2",0.00334462057519808,0.00323846979134445,1.03277806825228,"SEC",0.0465302694684009,"no",NA,"no","method1","2.991646e-05","9.972155e-06","96.751748",9.724802e-24,3.29469585e-23
"303","CDCP1",0.000774137489554805,0.000755254844924774,1.02500168619496,"SEC",0.0356262830605791,"no",NA,"no","method1","7.605640e-06","2.535213e-06","8.661557e+01",1.701232e-22,5.59484666108787e-22
"304","MICA",0.00116696567132594,0.00114132777982749,1.0224632151706,"SEC",0.03204894072637,"no",NA,"no","method1","6.622085e-06","2.207362e-06","89.71515066",6.89882e-23,2.27834979831933e-22
"305","PLAUR",0.00121831197040338,0.00119331400191803,1.02094835763695,"SEC",0.0299098925963637,"no",NA,"no","method1","3.032819e-05","1.010940e-05","202.861909",1.25568e-32,4.81570697560976e-32
"306","PCDH15",0.000464291460565969,0.000457496598821261,1.01485226723481,"SEC",0.0212697285533525,"no",NA,"no","method1","2.831151e-06","9.437170e-07","170.823053",1.73084e-30,6.24055155963303e-30
"307","DSC1",0.0317787396741194,0.0107173743978801,2.96516091482305,"Plasma",1.56811039978574,"spec",NA,"spec","method1","0.0109625911","3.654197e-03","51.801542",4.128154e-17,1.30835848548387e-16
"308","ITGA1",0.0850818169586987,0.0310104528779124,2.74364961046084,"Plasma",1.45609624771772,"spec","ITGA1","marker","method1","0.0763403060","0.0254467687","246.689053",4.178584e-35,1.710607825e-34
"309","CD36",0.0829656362965318,0.0329250337292456,2.51983451190325,"Plasma",1.3333289890045,"spec",NA,"spec","method1","0.0603672299","2.012241e-02","245.389805",4.880595e-35,1.98764127979275e-34
"310","MMP9",0.0031537060997253,0.00151128172787505,2.08677577552637,"Plasma",1.06127559095538,"no",NA,"no","method1","8.412033e-05","2.804011e-05","860.524385",1.207922e-51,1.15783742926829e-50
"311","ADIPOQ",0.0139729812013389,0.00672104576811029,2.07898914595066,"Plasma",1.05588222615009,"no",NA,"no","method1","1.588722e-03","5.295739e-04","1022.322102",5.517853e-54,6.99521364193548e-53
"312","TENM2",0.00680855969859484,0.0033300953354912,2.04455398799883,"Plasma",1.03178615882408,"spec",NA,"spec","method1","3.569979e-04","1.189993e-04","93.440062",2.40917e-23,8.02376110169492e-23
"313","TACSTD2",0.00724550600918155,0.00359736039878636,2.01411735438739,"Plasma",1.01014774573805,"no",NA,"no","method1","4.366605e-04","1.455535e-04","1006.6883073",8.942513e-54,1.0982523778125e-52
"314","APOE",0.443967488443021,0.245988024654963,1.80483374776376,"Plasma",0.851865949398667,"no",NA,"no","method1","3.781313785","1.260437928","842.824497",2.310502e-51,2.16196972857143e-50
"315","GSN",0.00320685388179166,0.0019043709906947,1.68394388355066,"Plasma",0.751844062233223,"no",NA,"no","method1","7.231760e-05","2.410587e-05","382.365211",8.603862e-41,3.97802090117647e-40
"316","SIGLEC11",0.00247896794924843,0.00158916160509114,1.55992187409175,"Plasma",0.641473776085706,"no",NA,"no","method1","2.716173e-05","9.053909e-06","180.166737",3.798537e-31,1.39516358971963e-30
"317","ULBP3",0.00131030235970977,0.000841419776683,1.55725167867479,"Plasma",0.639002127611031,"no",NA,"no","method1","8.396945e-06","2.798982e-06","176.110185",7.273436e-31,2.65903288186046e-30
"318","CD14",0.00423871424803149,0.00274166281082593,1.54603776631254,"Plasma",0.628575561569577,"no",NA,"no","method1","2.051442e-04","6.838141e-05","362.8747326",4.18601e-40,1.91290922093023e-39
"319","CLDN4",0.00127383163964065,0.000853444323097184,1.49257731894901,"Plasma",0.577805668357778,"no",NA,"no","method1","9.036599e-06","3.012200e-06","202.860093",1.256005e-32,4.81570697560976e-32
"320","ITGA4B7",0.000988843481144752,0.000668695403149133,1.47876518439924,"Plasma",0.564392982661438,"no",NA,"no","method1","7.647812e-06","2.549271e-06","597.444060",1.007999e-46,6.338297712e-46
"321","NECTIN1",0.00120830282217055,0.000820715132408078,1.47225605384568,"Plasma",0.558028605829657,"no",NA,"no","method1","6.426226e-06","2.142075e-06","106.910055",6.99239e-25,2.40000809606987e-24
"322","EGFR",0.0153925135042051,0.0104852124807729,1.46802113285075,"Plasma",0.553872736600428,"no",NA,"no","method1","0.0009541608","3.180536e-04","78.04541",2.376122e-21,7.7495099253112e-21
"323","PLAU",0.000881834345627788,0.00065465895175551,1.34701334681683,"Plasma",0.429764145745323,"no",NA,"no","method1","3.536893e-06","1.178964e-06","95.648437",1.311911e-23,4.42558818025751e-23
"324","CDH13",0.00298506513324006,0.00230778261658129,1.29347760564298,"Plasma",0.371255076436653,"no",NA,"no","method1","4.819786e-05","1.606595e-05","182.465328",2.643994e-31,9.75671025352113e-31
"325","DSG1",0.00147478753505061,0.00115932325724508,1.27211071272319,"Plasma",0.347224234888019,"no",NA,"no","method1","7.453428e-06","2.484476e-06","95.149394",1.503548e-23,5.05037917948718e-23
"326","TIMP2",0.00166703245936655,0.00137879642618536,1.20904901384074,"Plasma",0.273872731428759,"no",NA,"no","method1","2.726986e-05","9.089953e-06","217.9833107",1.560202e-33,6.2249683857868e-33
"327","CD8A",0.00654105259831294,0.00545915466113008,1.19818048843461,"Plasma",0.260845245486136,"no",NA,"no","method1","3.387216e-04","1.129072e-04","82.956831",5.106763e-22,1.6724648825e-21
"328","L1CAM",0.00323255977689307,0.00280716842571103,1.15153752346523,"Plasma",0.203561422885156,"no",NA,"no","method1","5.478294e-05","1.826098e-05","210.684481",4.197434e-33,1.65788096683417e-32
"329","IGF2",0.00152544180480856,0.00132918851585465,1.14764895017748,"Plasma",0.198681409183155,"no",NA,"no","method1","9.259504e-06","3.086501e-06","74.62978395",7.242358e-21,2.34258987160494e-20
"330","CXCR2",0.00243145485473777,0.00216009452437432,1.1256242850956,"Plasma",0.170725359850055,"no",NA,"no","method1","5.400498e-05","1.800166e-05","132.691875",2.021569e-27,7.03076652212389e-27
"331","FOLH1",0.00251881788921108,0.00226140605139281,1.11382822543511,"Plasma",0.155526757434501,"no",NA,"no","method1","2.948130e-05","9.827099e-06","102.530921",2.11832e-24,7.20779012987013e-24
"332","TNFRSF9",0.0133186384761456,0.0127625383943143,1.04357284300739,"Plasma",0.061531306370012,"no",NA,"no","method1","4.442767e-03","1.480922e-03","1291.1111507",3.613316e-57,6.45469630909091e-56
"333","ULBP1",0.00142770518823217,0.00139131943963486,1.02615197312765,"Plasma",0.0372444099325704,"no",NA,"no","method1","1.136330e-05","3.787768e-06","73.193633",1.17092e-20,3.75650253061224e-20
"334","VCAM1",0.00354909203130931,0.00348865696083318,1.01732330554555,"Plasma",0.0247782408310351,"no",NA,"no","method1","9.814952e-05","3.271651e-05","246.873057",4.087935e-35,1.68226016230366e-34
